benchmark_id,benchmark_record_id,benchmark_source,benchmark_stratum,benchmark_tags,benchmark_partition,challenge_score
B0001,doi:10.7717/peerj.15522,natural,host_tissue_genomics,explicit_edna;environmental_matrix;host_tissue;methodological,test,7
B0002,doi:10.1002/edn3.21,challenge,host_tissue_genomics,explicit_edna;host_tissue;methodological;review_perspective,calibration,9
B0003,doi:10.1002/aqc.2617,natural,methodological,explicit_edna;methodological,test,2
B0004,doi:10.1007/s00442-020-04743-4,natural,methodological,explicit_edna;environmental_matrix;methodological,calibration,2
B0005,doi:10.1038/s42003-019-0330-9,challenge,methodological,explicit_edna;methodological;review_perspective,calibration,7
B0006,doi:10.1111/mec.17758,challenge,microbial_profile,explicit_edna;microbial;host_tissue;methodological;review_perspective,test,12
B0007,doi:10.1002/edn3.225,natural,environmental_nonexplicit,environmental_matrix;methodological,test,6
B0008,doi:10.7554/elife.85795,natural,methodological,explicit_edna;environmental_matrix;methodological,calibration,2
B0009,doi:10.1186/s12862-023-02170-6,challenge,explicit_edna,explicit_edna,test,1
B0010,doi:10.3934/mbe.2022098,natural,explicit_edna,explicit_edna;environmental_matrix,test,0
B0011,doi:10.3390/biology14091191,natural,review_perspective,explicit_edna;environmental_matrix;review_perspective,calibration,4
B0012,doi:10.1002/ece3.71031,challenge,review_perspective,explicit_edna;environmental_matrix;review_perspective,test,4
B0013,doi:10.1016/j.envpol.2020.115580,challenge,environmental_nonexplicit,environmental_matrix;microbial;methodological;review_perspective,calibration,11
B0014,doi:10.1371/journal.pone.0219244,natural,methodological,explicit_edna;environmental_matrix;methodological,test,2
B0015,doi:10.3390/biology15030285,natural,methodological,explicit_edna;environmental_matrix;methodological,calibration,2
B0016,doi:10.1002/elps.202300228,challenge,microbial_profile,explicit_edna;environmental_matrix;microbial;host_tissue;methodological;review_perspective,calibration,12
B0017,doi:10.14202/vetworld.2024.2267-2285,challenge,review_perspective,explicit_edna;review_perspective,calibration,4
B0018,doi:10.1186/s13104-023-06669-5,natural,methodological,explicit_edna;environmental_matrix;methodological,calibration,2
B0019,doi:10.1016/j.envpol.2024.124076,challenge,wastewater,explicit_edna;environmental_matrix;wastewater;methodological;review_perspective,test,8
B0020,doi:10.1002/edn3.70089,natural,microbial_profile,explicit_edna;environmental_matrix;microbial;methodological,calibration,7
B0021,doi:10.1371/journal.pone.0245314,challenge,methodological,explicit_edna;environmental_matrix;methodological;review_perspective,calibration,6
B0022,doi:10.3390/ani13061002,challenge,host_tissue_genomics,explicit_edna;host_tissue;methodological;review_perspective,test,9
B0023,doi:10.1080/14634988.2019.1682912,challenge,review_perspective,explicit_edna;environmental_matrix;review_perspective,calibration,4
B0024,doi:10.1016/j.scitotenv.2022.158430,natural,methodological,explicit_edna;methodological;review_perspective,calibration,6
B0025,doi:10.1111/1755-0998.12376,natural,host_tissue_genomics,host_tissue;methodological,test,5
B0026,doi:10.1016/j.scitotenv.2019.134704,natural,microbial_profile,explicit_edna;environmental_matrix;microbial;methodological,test,7
B0027,doi:10.1007/s11756-023-01430-6,challenge,wastewater,explicit_edna;environmental_matrix;wastewater;methodological,calibration,4
B0028,doi:10.1289/ehp.1206316,challenge,other,,test,1
B0029,doi:10.1007/s12686-023-01321-7,natural,microbial_profile,explicit_edna;microbial;methodological,test,7
B0030,doi:10.1002/edn3.549,natural,explicit_edna,explicit_edna;environmental_matrix,calibration,0
B0031,doi:10.1002/ece3.70627,natural,methodological,explicit_edna;environmental_matrix;methodological,test,2
B0032,doi:10.1139/gen-2018-0071,natural,methodological,explicit_edna;environmental_matrix;methodological,test,2
B0033,doi:10.3390/fishes8110550,natural,methodological,explicit_edna;environmental_matrix;methodological,calibration,2
B0034,doi:10.1139/gen-2016-0100,challenge,methodological,explicit_edna;environmental_matrix;methodological;review_perspective,calibration,6
B0035,doi:10.1002/edn3.372,natural,microbial_profile,explicit_edna;environmental_matrix;microbial;methodological,test,7
B0036,doi:10.3732/apps.1700017,natural,methodological,explicit_edna;environmental_matrix;methodological,test,2
B0037,doi:10.1039/d0cc02053b,challenge,other,,calibration,1
B0038,doi:10.1016/j.marpolbul.2025.118581,natural,microbial_profile,explicit_edna;environmental_matrix;microbial;methodological,calibration,7
B0039,doi:10.1002/eap.3017,challenge,methodological,explicit_edna;methodological;review_perspective,test,7
B0040,doi:10.1126/science.1251156,challenge,other,,calibration,1
B0041,doi:10.3354/dao03640,challenge,wastewater,explicit_edna;environmental_matrix;wastewater;methodological,test,4
B0042,doi:10.1080/07352689.2011.554355,natural,environmental_nonexplicit,environmental_matrix;microbial;methodological;review_perspective,calibration,12
B0043,doi:10.1002/edn3.39,natural,methodological,explicit_edna;environmental_matrix;methodological,calibration,2
B0044,doi:10.1016/j.molcel.2016.03.022,challenge,explicit_edna,explicit_edna,test,1
B0045,doi:10.1002/edn3.273,natural,methodological,explicit_edna;environmental_matrix;methodological;review_perspective,test,6
B0046,doi:10.17221/84/2024-vetmed,natural,microbial_profile,explicit_edna;environmental_matrix;microbial;methodological,calibration,7
B0047,doi:10.3390/bios15080494,challenge,microbial_profile,explicit_edna;environmental_matrix;microbial;wastewater;methodological;review_perspective,test,11
B0048,doi:10.1111/j.1745-493x.2009.03175.x,natural,environmental_nonexplicit,environmental_matrix,test,4
B0049,doi:10.1098/rsbl.2015.0408,natural,environmental_nonexplicit,environmental_matrix;methodological,test,6
B0050,doi:10.1371/journal.pone.0342469,natural,microbial_profile,explicit_edna;environmental_matrix;microbial,test,5
B0051,doi:10.1002/tafs.10043,natural,methodological,explicit_edna;environmental_matrix;methodological,test,2
B0052,doi:10.1111/1755-0998.13122,natural,environmental_nonexplicit,environmental_matrix;microbial;host_tissue;methodological,calibration,12
B0053,doi:10.1038/s41598-021-86731-z,natural,methodological,explicit_edna;environmental_matrix;methodological,test,2
B0054,doi:10.1128/aem.01399-21,challenge,microbial_profile,explicit_edna;microbial;host_tissue;methodological,calibration,11
B0055,doi:10.1016/j.scitotenv.2020.139047,natural,microbial_profile,explicit_edna;environmental_matrix;microbial;wastewater;methodological,calibration,9
B0056,doi:10.1038/s41598-018-27434-w,natural,methodological,explicit_edna;methodological,test,2
B0057,doi:10.3389/fevo.2020.00135,challenge,methodological,explicit_edna;methodological;review_perspective,test,7
B0058,doi:10.1093/oso/9780198767220.003.0001,challenge,microbial_profile,explicit_edna;environmental_matrix;microbial;host_tissue;methodological;review_perspective,test,12
B0059,doi:10.1002/edn3.113,natural,methodological,explicit_edna;methodological,calibration,2
B0060,doi:10.1007/s11356-025-36519-9,natural,methodological,explicit_edna;environmental_matrix;methodological;review_perspective,test,6
B0061,doi:10.1016/j.scitotenv.2023.166675,challenge,host_tissue_genomics,explicit_edna;environmental_matrix;host_tissue;methodological;review_perspective,calibration,9
B0062,doi:10.1021/ie303468t,challenge,environmental_nonexplicit,environmental_matrix;microbial;wastewater;review_perspective,test,11
B0063,doi:10.1080/09669582.2014.965177,natural,review_perspective,review_perspective,test,2
B0064,doi:10.1016/j.cub.2021.02.019,natural,methodological,explicit_edna;environmental_matrix;methodological,test,2
B0065,doi:10.1038/s41598-021-94286-2,natural,methodological,explicit_edna;environmental_matrix;methodological,test,2
B0066,doi:10.1093/oso/9780198767220.001.0001,challenge,methodological,explicit_edna;methodological;review_perspective,test,6
B0067,doi:10.1016/j.envres.2025.121238,natural,methodological,explicit_edna;environmental_matrix;methodological,calibration,2
B0068,doi:10.1002/psaq.12066,challenge,explicit_edna,explicit_edna,test,1
B0069,doi:10.1371/journal.pone.0017549,natural,environmental_nonexplicit,environmental_matrix;microbial;wastewater;methodological,calibration,11
B0070,doi:10.3389/fpls.2024.1426035,challenge,other,,test,1
B0071,doi:10.3390/microorganisms8030417,natural,methodological,explicit_edna;environmental_matrix;methodological;review_perspective,test,6
B0072,doi:10.7717/peerj.13157,challenge,wastewater,explicit_edna;environmental_matrix;wastewater;methodological,calibration,4
B0073,doi:10.1016/j.jenvman.2024.120949,challenge,wastewater,explicit_edna;environmental_matrix;wastewater;methodological,test,4
B0074,doi:10.1371/journal.pntd.0009175,challenge,methodological,explicit_edna;environmental_matrix;methodological;review_perspective,test,7
B0075,doi:10.1016/j.biocon.2015.12.023,natural,methodological,explicit_edna;environmental_matrix;methodological,test,2
B0076,doi:10.1002/ece3.4843,natural,microbial_profile,explicit_edna;environmental_matrix;microbial;host_tissue;methodological,test,10
B0077,doi:10.1111/mec.13147,natural,environmental_nonexplicit,environmental_matrix;microbial;methodological,calibration,9
B0078,doi:10.1016/j.marenvres.2025.107632,natural,methodological,explicit_edna;environmental_matrix;methodological,test,2
B0079,doi:10.1002/edn3.169,challenge,host_tissue_genomics,explicit_edna;environmental_matrix;host_tissue;methodological;review_perspective,calibration,9
B0080,doi:10.1155/2022/8069858,natural,methodological,explicit_edna;methodological,test,2
B0081,doi:10.1371/journal.pone.0222883,natural,microbial_profile,explicit_edna;environmental_matrix;microbial;host_tissue;methodological,test,10
B0082,doi:10.1038/s44319-024-00264-w,challenge,explicit_edna,explicit_edna,test,1
B0083,doi:10.1002/ece3.8150,natural,methodological,explicit_edna;environmental_matrix;methodological,test,2
B0084,doi:10.1002/zoo.21380,natural,methodological,explicit_edna;methodological,calibration,2
B0085,doi:10.1002/edn3.221,natural,methodological,explicit_edna;environmental_matrix;methodological,calibration,2
B0086,doi:10.1016/j.isci.2026.114632,challenge,wastewater,explicit_edna;environmental_matrix;wastewater;methodological;review_perspective,calibration,8
B0087,doi:10.1016/j.molcel.2015.01.013,natural,other,,test,0
B0088,doi:10.7554/elife.84553,natural,methodological,explicit_edna;environmental_matrix;methodological,test,2
B0089,doi:10.1001/archgenpsychiatry.2011.76,challenge,other,,test,1
B0090,doi:10.1128/spectrum.00219-22,challenge,explicit_edna,explicit_edna;environmental_matrix,calibration,1
B0091,doi:10.1038/s41598-025-87917-5,natural,microbial_profile,explicit_edna;environmental_matrix;microbial;methodological;review_perspective,calibration,9
B0092,doi:10.2136/vzj2010.0139,natural,environmental_nonexplicit,environmental_matrix,calibration,4
B0093,doi:10.1371/journal.pone.0210357,challenge,wastewater,explicit_edna;environmental_matrix;wastewater;methodological,test,4
B0094,doi:10.1002/edn3.468,natural,methodological,explicit_edna;environmental_matrix;methodological,test,2
B0095,doi:10.3114/persoonia.2025.55.08,challenge,microbial_profile,explicit_edna;microbial;host_tissue;methodological;review_perspective,test,12
B0096,doi:10.1128/9781555818821,natural,environmental_nonexplicit,environmental_matrix;microbial;methodological,test,9
B0097,doi:10.1007/s11356-023-31776-y,challenge,microbial_profile,explicit_edna;environmental_matrix;microbial;wastewater;methodological;review_perspective,calibration,11
B0098,doi:10.3390/ijms231911582,challenge,review_perspective,explicit_edna;review_perspective,test,4
B0099,doi:10.1146/annurev-pharmtox-011613-135937,natural,review_perspective,review_perspective,test,2
B0100,doi:10.1002/edn3.33,natural,microbial_profile,explicit_edna;environmental_matrix;microbial;methodological,test,7
B0101,doi:10.1111/eva.12882,challenge,host_tissue_genomics,explicit_edna;environmental_matrix;host_tissue;methodological;review_perspective,test,9
B0102,doi:10.1016/j.biotechadv.2025.108652,challenge,review_perspective,explicit_edna;environmental_matrix;review_perspective,test,4
B0103,doi:10.1002/edn3.73,natural,explicit_edna,explicit_edna;environmental_matrix,calibration,0
B0104,doi:10.1126/science.ade6389,challenge,explicit_edna,explicit_edna;environmental_matrix,test,1
B0105,doi:10.1002/edn3.70138,natural,microbial_profile,explicit_edna;environmental_matrix;microbial;methodological,calibration,7
B0106,doi:10.3390/jof7040293,natural,microbial_profile,explicit_edna;environmental_matrix;microbial;methodological,test,8
B0107,doi:10.1111/1556-4029.15124,natural,host_tissue_genomics,explicit_edna;environmental_matrix;host_tissue;methodological,test,7
B0108,doi:10.1186/1471-2148-9-116,challenge,review_perspective,explicit_edna;environmental_matrix;review_perspective,calibration,5
B0109,doi:10.1111/mec.16023,challenge,microbial_profile,explicit_edna;environmental_matrix;microbial;host_tissue;methodological;review_perspective,test,13
B0110,doi:10.7717/peerj.4747,challenge,review_perspective,explicit_edna;environmental_matrix;review_perspective,test,5
B0111,doi:10.1016/j.scitotenv.2024.171810,challenge,methodological,explicit_edna;environmental_matrix;methodological;review_perspective,test,6
B0112,doi:10.1016/j.aquatox.2025.107465,challenge,host_tissue_genomics,explicit_edna;environmental_matrix;host_tissue;methodological;review_perspective,test,9
B0113,doi:10.1111/1755-0998.13107,challenge,host_tissue_genomics,explicit_edna;environmental_matrix;host_tissue;methodological;review_perspective,test,9
B0114,doi:10.7717/peerj.3347,natural,microbial_profile,explicit_edna;environmental_matrix;microbial;methodological,calibration,8
B0115,doi:10.1111/mec.15734,challenge,methodological,explicit_edna;methodological;review_perspective,test,6
B0116,doi:10.26686/pq.v18i4.8013,natural,explicit_edna,explicit_edna,calibration,0
B0117,doi:10.7717/peerj.3044,natural,microbial_profile,explicit_edna;environmental_matrix;microbial;methodological,calibration,7
B0118,doi:10.1016/j.scitotenv.2017.06.255,challenge,host_tissue_genomics,explicit_edna;environmental_matrix;host_tissue;wastewater;methodological,test,9
B0119,doi:10.1093/reep/res016,natural,microbial_profile,microbial,calibration,3
B0120,doi:10.1111/j.1365-294x.2010.04580.x,natural,environmental_nonexplicit,environmental_matrix;review_perspective,test,6
B0121,doi:10.1007/s00114-024-01904-w,natural,methodological,explicit_edna;environmental_matrix;methodological,calibration,2
B0122,doi:10.1080/17533171.2012.716933,challenge,other,,calibration,1
B0123,doi:10.1002/ece3.4653,natural,methodological,explicit_edna;environmental_matrix;methodological,calibration,2
B0124,doi:10.1021/es9015553,natural,environmental_nonexplicit,environmental_matrix;wastewater;review_perspective,calibration,8
B0125,doi:10.1111/mec.17031,challenge,host_tissue_genomics,explicit_edna;host_tissue;methodological;review_perspective,calibration,9
B0126,doi:10.1093/reep/req017,natural,environmental_nonexplicit,environmental_matrix;review_perspective,test,6
B0127,doi:10.1080/09644016.2012.651904,challenge,other,,test,1
B0128,doi:10.1002/edn3.70130,natural,microbial_profile,explicit_edna;environmental_matrix;microbial;methodological,test,7
B0129,doi:10.1111/jeu.12814,natural,microbial_profile,explicit_edna;microbial;methodological,test,7
B0130,doi:10.1016/j.scitotenv.2025.179247,natural,microbial_profile,explicit_edna;environmental_matrix;microbial;methodological,calibration,7
B0131,doi:10.1016/j.hal.2021.102077,challenge,environmental_nonexplicit,environmental_matrix;microbial;methodological;review_perspective,test,11
B0132,doi:10.1017/erm.2020.3,challenge,review_perspective,explicit_edna;review_perspective,test,4
B0133,doi:10.1002/edn3.399,natural,methodological,explicit_edna;methodological,test,2
B0134,doi:10.1016/j.bbagrm.2014.06.012,natural,explicit_edna,explicit_edna,calibration,0
B0135,doi:10.1016/j.scitotenv.2022.160585,natural,methodological,explicit_edna;environmental_matrix;methodological,calibration,2
B0136,doi:10.1111/j.1365-2427.2009.02204.x,natural,environmental_nonexplicit,environmental_matrix;methodological,test,7
B0137,doi:10.1111/jfb.14400,natural,environmental_nonexplicit,environmental_matrix;review_perspective,calibration,6
B0138,doi:10.1371/journal.pone.0185043,natural,methodological,explicit_edna;environmental_matrix;methodological,test,2
B0139,doi:10.1016/j.envres.2024.119374,natural,microbial_profile,explicit_edna;microbial;review_perspective,test,7
B0140,doi:10.1111/1749-4877.12832,natural,methodological,explicit_edna;environmental_matrix;methodological,test,2
B0141,doi:10.1002/ece3.10697,challenge,explicit_edna,explicit_edna;environmental_matrix,calibration,1
B0142,doi:10.1021/acsnano.5c15324,challenge,host_tissue_genomics,explicit_edna;host_tissue;methodological;review_perspective,calibration,9
B0143,doi:10.3390/ani14162433,natural,methodological,explicit_edna;environmental_matrix;methodological,calibration,2
B0144,doi:10.1002/edn3.70241,natural,host_tissue_genomics,explicit_edna;environmental_matrix;host_tissue;methodological,test,7
B0145,doi:10.1111/j.1462-2920.2007.01539.x,natural,microbial_profile,explicit_edna;environmental_matrix;microbial,calibration,5
B0146,doi:10.1146/annurev.marine.010908.163742,challenge,environmental_nonexplicit,environmental_matrix;microbial;methodological;review_perspective,calibration,11
B0147,doi:10.1111/jam.13468,challenge,environmental_nonexplicit,environmental_matrix;microbial;wastewater;review_perspective,calibration,11
B0148,doi:10.1038/s41598-018-23740-5,natural,methodological,explicit_edna;methodological,calibration,2
B0149,doi:10.1001/jama.2020.3227,natural,environmental_nonexplicit,environmental_matrix,calibration,5
B0150,doi:10.1371/journal.pone.0173837,challenge,explicit_edna,explicit_edna,test,1
B0151,doi:10.1016/j.marpolbul.2025.118036,natural,host_tissue_genomics,explicit_edna;environmental_matrix;host_tissue;wastewater;methodological,calibration,9
B0152,doi:10.1038/s42003-017-0005-3,natural,methodological,explicit_edna;environmental_matrix;methodological,test,2
B0153,doi:10.1016/j.scitotenv.2022.158121,natural,microbial_profile,explicit_edna;environmental_matrix;microbial;methodological,calibration,7
B0154,doi:10.1111/jfb.14190,challenge,wastewater,explicit_edna;environmental_matrix;wastewater;methodological;review_perspective,test,8
B0155,doi:10.1016/j.marpolbul.2022.114062,natural,methodological,explicit_edna;methodological,test,2
B0156,doi:10.1093/femsec/fiy048,natural,methodological,explicit_edna;environmental_matrix;methodological,calibration,2
B0157,doi:10.1016/j.scitotenv.2020.141394,natural,methodological,explicit_edna;environmental_matrix;methodological,calibration,2
B0158,doi:10.1111/j.1365-2672.2011.05065.x,challenge,other,,test,1
B0159,doi:10.1016/j.rser.2017.01.059,natural,methodological,methodological,test,2
B0160,doi:10.1002/edn3.70112,natural,methodological,explicit_edna;environmental_matrix;methodological,calibration,2
B0161,doi:10.1016/j.jviromet.2021.114212,challenge,wastewater,explicit_edna;environmental_matrix;wastewater;methodological,calibration,4
B0162,doi:10.1002/edn3.190,challenge,explicit_edna,explicit_edna;environmental_matrix,test,1
B0163,doi:10.1002/edn3.241,natural,methodological,explicit_edna;environmental_matrix;methodological,calibration,2
B0164,doi:10.1080/10455752.2016.1213013,challenge,other,,calibration,1
B0165,doi:10.1186/s41182-023-00563-3,challenge,environmental_nonexplicit,environmental_matrix;microbial;host_tissue;methodological,test,12
B0166,doi:10.1111/j.1574-695x.2010.00661.x,natural,explicit_edna,explicit_edna;environmental_matrix,calibration,0
B0167,doi:10.1093/oxfordhb/9780199733026.001.0001,natural,microbial_profile,microbial;review_perspective,test,5
B0168,doi:10.12688/wellcomeopenres.14193.1,natural,methodological,explicit_edna;environmental_matrix;methodological,calibration,2
B0169,doi:10.3390/toxins14050341,challenge,methodological,explicit_edna;environmental_matrix;methodological;review_perspective,test,6
B0170,doi:10.1109/iembs.2010.5627864,natural,methodological,explicit_edna;methodological,calibration,2
B0171,doi:10.3390/insects12020171,challenge,review_perspective,explicit_edna;review_perspective,calibration,4
B0172,doi:10.1002/edn3.70208,natural,microbial_profile,explicit_edna;environmental_matrix;microbial;methodological,calibration,7
B0173,doi:10.21079/11681/49843,natural,methodological,explicit_edna;methodological,test,2
B0174,doi:10.1002/ece3.9598,natural,methodological,explicit_edna;environmental_matrix;methodological,calibration,2
B0175,doi:10.3390/pathogens10050555,natural,methodological,methodological,calibration,2
B0176,doi:10.1016/j.jhazmat.2023.132441,challenge,microbial_profile,explicit_edna;environmental_matrix;microbial;wastewater;methodological;review_perspective,calibration,11
B0177,doi:10.1002/eap.2812,natural,environmental_nonexplicit,environmental_matrix;microbial;methodological,test,9
B0178,doi:10.3390/su12114674,natural,environmental_nonexplicit,environmental_matrix;microbial;review_perspective,test,9
B0179,doi:10.1371/journal.pone.0292933,challenge,wastewater,explicit_edna;environmental_matrix;wastewater;methodological,test,4
B0180,doi:10.1017/s0022149x25100801,natural,microbial_profile,explicit_edna;environmental_matrix;microbial;methodological,test,7
B0181,doi:10.1016/j.freeradbiomed.2017.01.029,natural,explicit_edna,explicit_edna,test,0
B0182,doi:10.1038/s41598-019-40977-w,natural,methodological,explicit_edna;environmental_matrix;methodological,calibration,2
B0183,doi:10.1038/s41598-025-26773-9,challenge,explicit_edna,explicit_edna;environmental_matrix,test,1
B0184,doi:10.1016/j.mimet.2021.106271,natural,microbial_profile,explicit_edna;environmental_matrix;microbial;methodological,test,8
B0185,doi:10.1111/j.1365-2427.2009.02179.x,challenge,environmental_nonexplicit,environmental_matrix;microbial;methodological;review_perspective,calibration,12
B0186,doi:10.1155/jeph,challenge,other,,calibration,1
B0187,doi:10.1111/1755-0998.12305,natural,environmental_nonexplicit,environmental_matrix;microbial;methodological,test,9
B0188,doi:10.1016/j.forsciint.2024.112085,challenge,microbial_profile,explicit_edna;environmental_matrix;microbial;host_tissue;methodological,calibration,11
B0189,doi:10.1016/j.ejop.2016.12.002,natural,methodological,methodological,test,2
B0190,doi:10.3390/ani14111519,natural,methodological,explicit_edna;methodological,test,2
B0191,doi:10.1002/edn3.523,natural,host_tissue_genomics,explicit_edna;environmental_matrix;host_tissue;methodological,calibration,7
B0192,doi:10.31083/fbs26247,natural,methodological,explicit_edna;environmental_matrix;methodological,calibration,2
B0193,doi:10.1002/ece3.6088,natural,methodological,explicit_edna;environmental_matrix;methodological,test,2
B0194,doi:10.1016/j.gsf.2018.12.005,challenge,environmental_nonexplicit,environmental_matrix;host_tissue;methodological;review_perspective,calibration,11
B0195,doi:10.3389/fmicb.2018.00235,challenge,environmental_nonexplicit,environmental_matrix;microbial;methodological;review_perspective,test,11
B0196,doi:10.1007/s11356-024-32935-5,natural,microbial_profile,explicit_edna;microbial,test,5
B0197,doi:10.1111/mec.12805,natural,environmental_nonexplicit,environmental_matrix;microbial,test,7
B0198,doi:10.1016/j.ejpe.2015.03.011,challenge,environmental_nonexplicit,environmental_matrix;microbial;methodological;review_perspective,calibration,12
B0199,doi:10.1016/j.dib.2024.111260,natural,microbial_profile,explicit_edna;environmental_matrix;microbial;methodological,test,7
B0200,doi:10.1139/gen-2024-0158,challenge,review_perspective,explicit_edna;environmental_matrix;review_perspective,test,4
